{
    "js":
    {
        "verbal": false,
        "encoding":
        {
            "0": [-1,-1,-1, 1,-1,-1, 1,-1,-1,-1,-1,-1,-1, 1,-1,-1, 1],
            "1": [ 1, 1, 1,-1, 1,-1,-1,-1,-1,-1,-1,-1,-1,-1,-1,-1,-1],
            "2": [-1,-1, 1, 1, 1,-1,-1, 1,-1,-1,-1, 1,-1,-1,-1,-1, 0],
            "3": [-1, 1,-1, 1, 1, 1, 1, 1,-1, 0,-1,-1,-1,-1,-1,-1,-1],
            "4": [ 1,-1,-1, 0,-1,-1,-1,-1, 1, 1,-1,-1,-1, 1, 1,-1, 0],
            "5": [ 0, 1,-1,-1,-1, 1, 1,-1, 1, 1, 1,-1,-1,-1,-1,-1,-1],
            "6": [-1, 0,-1,-1,-1, 1, 1,-1, 1, 1, 0, 1,-1,-1,-1, 1, 1],
            "7": [ 1, 1,-1, 1, 1,-1,-1,-1, 1, 1,-1,-1,-1,-1,-1,-1,-1],
            "8": [-1,-1,-1,-1,-1, 1, 1, 1, 0, 0, 1, 1, 1,-1, 1, 1, 1],
            "9": [ 1,-1,-1, 1,-1, 0, 1, 1, 0, 0, 1,-1,-1,-1, 1,-1, 1]
        }
    },
    "js_without_0":
    {
        "verbal": false,
        "encoding":
        {
            "0": [-1,-1,-1, 1,-1,-1, 1,-1,-1,-1,-1,-1, 1,-1,-1, 1],
            "1": [ 1, 1, 1,-1, 1,-1,-1,-1,-1,-1,-1,-1,-1,-1,-1,-1],
            "2": [-1,-1, 1, 1, 1,-1,-1, 1,-1,-1, 1,-1,-1,-1,-1,-1],
            "3": [-1, 1,-1, 1, 1, 1, 1, 1,-1,-1,-1,-1,-1,-1,-1,-1],
            "4": [ 1,-1,-1,-1,-1,-1,-1,-1, 1,-1,-1,-1, 1, 1,-1,-1],
            "5": [-1, 1,-1,-1,-1, 1, 1,-1, 1, 1,-1,-1,-1,-1,-1,-1],
            "6": [-1,-1,-1,-1,-1, 1, 1,-1, 1,-1, 1,-1,-1,-1, 1, 1],
            "7": [ 1, 1,-1, 1, 1,-1,-1,-1, 1,-1,-1,-1,-1,-1,-1,-1],
            "8": [-1,-1,-1,-1,-1, 1, 1, 1,-1, 1, 1, 1,-1, 1, 1, 1],
            "9": [ 1,-1,-1, 1,-1,-1, 1, 1,-1, 1,-1,-1,-1, 1,-1, 1]
        }
    },
    "mario":
    {
        "verbal": true,
        "encoding":
        {
            "circle": [[0],[2,6,8,9]],
            "upward spiral": [[6],[]],
            "downward spiral": [[9],[2,3]],
            "vertical line": [[1,4,7],[0,2,3,5,6,8,9]],
            "S-shape": [[5,8],[]],
            "mirror S-shape": [[2,8],[]],
            "bottom ɔ-shape": [[3,5],[0,2,6,8,9]],
            "left wide half circle": [[0,6],[]],
            "right wide half circle": [[0,9],[]],
            "V-shape": [[8],[]],
            "<-shape": [[3,8],[2,4]],
            "upper right corner": [[4,7],[0,2,3,9]],
            "upper left corner": [[5],[0]],
            "lower left corner": [[4],[0,1,3,5,6,0]]
        }
    },
    "ideal_mnist":
    {
        "0": [-1.0, -0.7601349538819295, 0.4262962773511345, 0.9971069877766752, 0.8162830303754598, -0.37065168195599685, -0.9539912769694671, 0.6006095573388619, 0.5763002509564592, -0.5221668387228747, 0.39141788418116596, 0.4763755572416908, -0.3895581702450496, 0.8770892724624224, -0.7240502352499707, -1.0, -0.7201789457941118, 0.8979854332809387, 0.37487804241005107, 0.5478935793352158, -0.9629421746436266, -1.0, -0.7630685252092284, 0.8388645082664699, 0.9528112636743991, -0.36180561488478213, -0.9997470033048802, -0.9929607774257174, 0.0656288046839939, 0.3987153818316054, 1.0, -0.5169181290557714, -0.9923420713303651, -0.5172296058207781, 0.8165112744172713, -0.3834338697828812, 0.5652099078435844, 0.36754575591393723, 0.058545394644828885, 0.8953728788377324, 0.01986253827799045, -0.984002320022704, -0.7764577120787611, 0.6684208656661337,0.7499683240500274, 0.06281687832987415, -0.9406726728077438, -1.0],
        "1": [-0.9999999404201512, -1.0, -0.8098681198277415, 0.6671541291056959, -0.143946952892127, -1.0, -1.0, -0.9374705729961583, 0.5898040364229986, 0.9388764013512918, -0.775738461662665, -1.0, -1.0, -0.8863884688753633, -0.2033785231825952, 0.6638802084209929, -0.9205247967469778, -1.0, -0.9999992463464944, -1.0, -0.7767780036169025, 0.7485454885507059, -0.921383996818367, -1.0, -0.9999999995774386, -1.0, -0.7574471930904267, 0.7659678641288215, -0.9214190773249546, -1.0, -0.9999992394708764, -1.0, -0.7581902010692142, 0.7658781640378622, -0.9217017705609185, -1.0, -1.0, -0.8751343325098068, -0.4477521409144276, 0.7907585400602133, -0.7898674007575641, -0.9998444672784789, -1.0, -0.48304641789767977, 0.8244661211952045, 1.0, 0.2433691514285643, -0.9511842898913124],
        "2": [-0.9854047125098913, -0.24614243491480914, 0.4439185511805821, 0.9493369762895036, 0.20653423971694096, -0.9529991593307612, -0.7661750480640904, 0.8755897641835109, 0.6697145890090719, 0.013712453188201579, 0.9546366484667959, -0.35694280860369487, -0.9844671945826841, -0.7497464019480449, -0.9050731460985486, -0.682571924299687, 0.9357513032044551, -0.32984677788560635, -1.0, -1.0, -0.9499403352306602, 0.13814979139781713, 0.8468126655778081, -0.8208227738473329, -1.0, -0.9705921216992283, -0.0027247860493814224, 0.9181428035298125, -0.2662821609953774, -0.9913917798160474, -0.9879653724644875, -0.1506236357829327, 0.9559558721890444, 0.3436246647536876, -0.9075840736457523, -0.9552805495245442, -0.03332951705243559, 0.9532606798745207, 1.0, 0.9623311822769998, 0.7079236152414643, 0.593241246537282, 0.2647591653960819, 0.8728682919349591, 0.13875804604412534, -0.17831564603735306, 0.4792022120876098, 0.6241715948346482],
        "3": [-0.9998075428931718, -0.6674408346040417, 0.2756307448606221, 0.9362529177915115, 1.0, 0.5642082508302828, -0.9996596084116169, -0.44979950401355806, 0.2377348969511297, -0.1715441722821921, 0.3696478124338176, 0.9223999168315948, -1.0, -1.0, -0.9986874996846451, -0.7964078553530212, 0.3967064998356835, 0.5008666569117846, -0.9956600094065455, -0.4040868812280054, 0.43277240681056695, 0.8288991060325013, 0.8188820752019625, -0.6232665238841189, -0.995814254786913, -0.415588934857243, -0.07509844182186509, -0.06768768001141467, 0.7125025486388596, -0.8142145498300298, -0.8954844722804608, -0.9716986577996519, -1.0, -0.7494576052522577, 0.6661019499650263, -0.8068317676122605, 0.5945098480764119, -0.04147552725529491, -0.11596220582568095, 0.6238802588909587, 0.29893088923782063, -0.9266896312220162, -0.05573436730544401, 0.8951683712942953, 0.377201176326063, -0.3281800970477956, -0.9595299599922124, -1.0],
        "4": [-1.0, -0.9693147173170836, 0.12093423814094084, -0.8936544411309224, -0.9523691754025704, 0.6018451698403979, -0.9991299838144175, -0.459325878864039, 0.5122463577762624, -0.9338601676953439, -0.6418251525524105, 0.6335964181377431, -0.8578495057105655, 0.6769338420830151, -0.4797439973212758, -0.9459486212549174, 0.4191840758209784, -0.01862284562885963, 0.2823589358374978, 0.928636704536522, 0.24246655827236507, -0.1962314567087825, 0.9725319703045288, 0.37893425445285556, 0.25329481775927776, -0.6359493197349859, 0.26267183681153283, 1.0, 0.3441027725164185, -0.7109177605355886, -1.0, -1.0, -0.35964861231956347, 0.7382087469887704, -0.8829986541337143, -1.0, -1.0, -0.9755917380784407, 0.4400887893706018, -0.09132986200441384, -0.9993581440220815, -1.0, -1.0, -0.9069662279806799, 0.6974413781951578, -0.7569412817539358, -1.0, -0.9999999997468163],
        "5": [-1.0, -0.5794865443681204, 0.5419942492097884, 0.7577041563061586, 0.7580712767613489, 0.5883854983971752, -0.8531612732411127, 0.7758511087402788, 0.6497980449881162, 0.0801310606843979, 0.16054777404077591, -0.012580882191488674, 0.07626839592739443, 0.9479001863035734, -0.5261386591445738, -0.9541921070091638, -0.9975930200330752, -0.9993842390268886, 0.299396715881332, 1.0, 0.9245233480206863, 0.5582352142238325, -0.5242969055687351, -0.996442934024867, -0.6808995659152548, -0.333019212353624, -0.542394640432222, 0.04850659706140581, 0.8081344585596408, -0.8326469873858682, -0.8281760009956818, -0.9722061398341815, -0.9787865826809414, -0.7262629617618565, 0.8534436285466753, -0.48128106562133066, 0.7932265720738325, 0.49059729410177866, 0.46671538284047376, 0.816908060358809, 0.7607817546857361, -0.8193651166981125, 0.058724699317369344, 0.8878950060696742, 0.6867057019960421, 0.37030217701922896, -0.7460165188230359, -1.0],